sent,action,ob0,role0,ob1,role1,ob2,role2,h0,h1,h2,h3,h4,h5,h6,h7,h8,h9,h10,h11,h12,h13,h14,h15,h16,h17,h18,h19,h20,h21,h22,h23,h24,h25,h26,h27,h28,h29,h30,h31,h32,h33,h34,h35,h36,h37,h38
the red cone flip,flip,red Cone,agent ,yellow Cube, ,grey Sphere, ,0.0000,0.7083,0.2323,0.0000,0.0000,0.5036,0.0000,0.0000,0.0000,0.0000,0.1002,0.0000,0.8013,0.0000,0.0000,0.0000,0.0000,0.0000,0.0000,0.0000,0.0000,0.0000,0.0000,0.0000,0.1009,0.4357,0.0000,0.9857,0.0811,0.0196,0.7855,0.0000,0.0000,0.7047,0.0000,0.0000,0.8485,0.1000,0.1000
the white cylinder hop,hop,blue Cone, ,white Cylinder,agent ,grey Sphere, ,0.0000,0.3754,0.4953,0.0000,0.0000,0.8782,0.0000,0.0000,0.0000,0.0000,0.8837,0.2975,0.0000,0.0000,0.0000,0.0000,0.0000,0.0000,0.0000,0.8787,0.0000,0.4788,0.0000,0.5806,0.4543,0.7769,0.0000,0.0209,0.9841,0.0781,0.0000,0.6083,0.0000,0.0000,0.6052,0.0000,0.1000,0.1000,0.1000
the grey cone kick the red dome to the white cylinder,kick,grey Cone,agent ,white Cylinder,recipient ,red Dome,theme ,0.0000,0.4035,0.4929,0.0000,0.0000,0.9105,0.0000,0.0000,0.0000,0.0000,0.0000,0.5147,0.9435,0.0000,0.0000,0.0000,0.0000,0.0000,0.0000,0.9986,0.4254,0.9926,0.0000,0.0000,0.9926,0.9987,0.0000,0.9142,0.0217,0.9840,0.0000,0.0000,0.6083,0.0000,0.0000,0.5707,0.3314,0.3370,0.1000
the yellow tower roll the white sphere,roll,blue Dome, ,yellow Tower,agent ,white Sphere,theme ,0.0000,0.3944,0.6065,0.0000,0.0000,0.4747,0.0000,0.0000,0.0000,0.0000,0.9087,0.6280,0.2994,0.0000,0.0000,0.0000,0.0000,0.0000,0.0000,0.9864,0.0000,0.0000,0.0000,0.0000,0.3143,0.5436,0.0000,0.0201,0.9073,0.9961,0.0000,0.0000,0.4291,0.0000,0.0000,0.3849,0.1000,0.3375,0.9503
the grey cone hop,hop,blue Cube, ,green Sphere, ,grey Cone,agent ,0.0000,0.5025,0.5728,0.0000,0.0000,0.1884,0.0000,0.0000,0.0000,0.0000,0.0000,1.0000,0.2962,0.0000,0.0000,0.0000,0.0000,0.0000,0.0000,0.2141,0.0000,0.0000,0.0000,0.0000,0.0000,0.0000,0.0000,0.0792,0.0212,0.9915,0.0000,0.0000,0.8203,0.0000,0.0000,0.8162,0.1000,0.1000,0.1000
the blue tower give the white cube to the grey sphere,give,white Cube,theme ,blue Tower,agent ,grey Sphere,recipient ,0.0000,0.8410,0.9150,0.0000,0.0000,0.8008,0.0000,0.0000,0.0000,0.0000,0.7777,1.0000,0.4656,0.0000,0.0000,0.0000,0.0000,0.0000,0.0000,0.7596,0.7952,0.0000,0.0000,0.2767,0.7952,1.0000,0.0000,0.9960,0.9618,0.9683,0.0687,0.0000,0.0000,0.0000,0.0000,0.0000,0.1000,0.3553,0.3471
the green dome throw the red cone to the yellow cube,throw,yellow Cube,recipient ,green Dome,agent ,red Cone,theme ,0.0000,0.4476,0.9150,0.0000,0.0000,0.4094,0.0000,0.0000,0.0000,0.0000,0.9576,0.3887,0.2995,0.0000,0.0000,0.0000,0.0000,0.0000,0.0000,0.9961,0.8278,0.0000,0.0000,0.1793,0.7952,0.9261,0.0000,0.0210,0.9430,0.9962,0.0000,0.0000,0.6323,0.0000,0.0000,0.6039,0.3463,0.3307,0.1000
the red tower roll the blue cube to the grey cone,roll,red Tower,agent ,blue Cube,theme ,grey Cone,recipient ,0.0000,0.4729,0.3980,0.0000,0.0000,0.9199,0.0000,0.0000,0.0000,0.0000,1.0000,0.0000,0.9354,0.0000,0.0000,0.0000,0.0000,0.0000,0.0000,0.0343,0.9988,0.9999,0.0000,0.9287,0.9897,0.0000,0.0000,0.9221,0.9690,0.3553,0.0000,0.3732,0.0000,0.0000,0.3236,0.0000,0.3587,0.8592,0.3390
the blue sphere hop,hop,red Cone, ,blue Sphere,agent ,green Dome, ,0.0000,0.1609,0.5047,0.0000,0.0000,0.5460,0.0000,0.0000,0.0000,0.0000,0.0396,0.2949,0.0000,0.0000,0.0000,0.0000,0.0000,0.0000,0.0000,0.0000,0.0000,0.7393,0.0000,0.9360,0.4438,0.0000,0.0000,0.0214,0.9915,0.0795,0.0000,0.8203,0.0000,0.0000,0.8162,0.0000,0.1000,0.1000,0.1000
the yellow cone hop,hop,yellow Cone,agent ,red Tower, ,white Dome, ,0.0000,0.8298,0.4717,0.0000,0.0000,0.4954,0.0000,0.0000,0.0000,0.0000,0.1088,0.0000,0.1676,0.0000,0.0000,0.0000,0.0000,0.0000,0.0000,0.0000,0.0000,0.0000,0.0000,0.0000,0.4509,0.2635,0.0000,0.9915,0.0808,0.0182,0.8203,0.0000,0.0000,0.8162,0.0000,0.0000,0.1000,0.1000,0.1000
the white cube give the yellow tower to the green dome,give,green Dome,recipient ,white Cube,agent ,yellow Tower,theme ,0.0000,0.8004,0.9150,0.0000,0.0000,0.7854,0.0000,0.0000,0.0000,0.0000,0.9968,1.0000,0.9354,0.0000,0.0000,0.0000,0.0000,0.0000,0.0000,0.9998,0.7973,0.0000,0.0000,0.4245,0.7952,0.7574,0.0000,0.9225,0.9805,0.9965,0.0000,0.0000,0.0687,0.0000,0.0000,0.0000,0.3610,0.3261,0.1000
the grey sphere flip,flip,green Cylinder, ,yellow Tower, ,grey Sphere,agent ,0.0000,0.4903,0.7409,0.0000,0.0000,0.2457,0.0000,0.0000,0.0000,0.0000,0.2996,1.0000,0.0000,0.0000,0.0000,0.0000,0.0000,0.0000,0.0000,0.2840,0.0892,0.0000,0.0000,0.2635,0.5462,0.3718,0.0000,0.0787,0.0194,0.9793,0.0000,0.0000,0.7848,0.0000,0.0000,0.7433,0.1000,0.1000,0.8351
the yellow tower give the grey cube to the white dome,give,grey Cube,theme ,white Dome,recipient ,yellow Tower,agent ,0.0000,0.9150,0.7811,0.0000,0.0000,0.8022,0.0000,0.0000,0.0000,0.0000,1.0000,0.7922,1.0000,0.0000,0.0000,0.0000,0.0000,0.0000,0.0000,0.7952,0.7628,0.7977,0.0000,0.9997,0.4718,0.0000,0.0000,0.9965,0.9154,0.9807,0.0687,0.0000,0.0000,0.0000,0.0000,0.0000,0.1000,0.3489,0.3422
the yellow sphere roll the white dome to the green cylinder,roll,white Dome,theme ,green Cylinder,recipient ,yellow Sphere,agent ,0.0000,0.7847,0.2549,0.0000,0.0000,0.4070,0.0000,0.0000,0.0000,0.0000,0.2998,0.9282,1.0000,0.0000,0.0000,0.0000,0.0000,0.0000,0.0000,0.0000,0.8506,0.5197,0.0000,0.9953,0.9496,0.9991,0.0000,0.9963,0.0217,0.9150,0.3723,0.0000,0.0000,0.4415,0.0000,0.0000,0.9300,0.3397,0.3594
the blue tower spin,spin,blue Tower,agent ,green Cube, ,yellow Dome, ,0.0000,0.6999,0.2001,0.0000,0.0000,0.5002,0.0000,0.0000,0.0000,0.0000,0.0982,0.0000,0.2996,0.0000,0.0000,0.0000,0.0000,0.0000,0.0000,0.0998,0.1015,0.0000,0.0000,0.1025,0.0000,0.0000,0.0000,0.0208,0.0808,0.0193,0.0000,0.0000,0.0000,0.0000,0.0000,0.0000,0.9612,0.1000,0.1000
the green cylinder spin,spin,white Cube, ,green Cylinder,agent ,blue Tower, ,0.0000,0.1916,0.4959,0.0000,0.0000,0.6956,0.0000,0.0000,0.0000,0.0000,0.2991,0.2989,0.0000,0.0000,0.0000,0.0000,0.0000,0.0000,0.0000,0.6885,0.4374,0.0000,0.0000,0.0000,0.0000,0.6777,0.0000,0.0182,0.0201,0.0810,0.0000,0.0000,0.0000,0.0000,0.0000,0.0000,0.1000,1.0000,0.1000
the yellow tower throw the blue cube,throw,yellow Tower,agent ,blue Cube,theme ,green Dome, ,0.0000,0.5212,0.4160,0.0000,0.0000,0.7086,0.0000,0.0000,0.0000,0.0000,1.0000,0.0000,0.7621,0.0000,0.0000,0.0000,0.0000,0.0000,0.0000,0.0000,0.1089,0.9974,0.0000,0.0000,0.6717,0.0641,0.0000,0.9402,0.9840,0.0214,0.0000,0.6323,0.0000,0.0000,0.7084,0.0000,0.3300,0.0000,0.1000
the grey tower flip,flip,green Cylinder, ,yellow Cone, ,grey Tower,agent ,0.0000,0.5007,0.7222,0.0000,0.0000,0.2454,0.0000,0.0000,0.0000,0.0000,0.0000,1.0000,0.2971,0.0000,0.0000,0.0000,0.0000,0.0000,0.0000,0.0000,0.0000,0.1492,0.0000,0.1076,0.0000,0.0000,0.0000,0.0787,0.0214,0.9857,0.0000,0.0000,0.7855,0.0000,0.0000,0.7047,0.1000,0.1000,0.8486
the yellow tower give the blue cylinder to the red cube,give,yellow Tower,agent ,blue Cylinder,theme ,red Cube,recipient ,0.0000,0.7728,0.8014,0.0000,0.0000,0.9150,0.0000,0.0000,0.0000,0.0000,1.0000,0.9722,0.7878,0.0000,0.0000,0.0000,0.0000,0.0000,0.0000,0.1212,0.1041,0.7744,0.0000,0.7952,1.0000,0.7949,0.0000,0.9726,0.9961,0.9573,0.0000,0.0687,0.0000,0.0000,0.0000,0.0000,0.3394,0.1000,0.3438
the yellow tower hop,hop,red Cone, ,yellow Tower,agent ,grey Cylinder, ,0.0000,0.5301,0.4990,0.0000,0.0000,0.9096,0.0000,0.0000,0.0000,0.0000,0.7512,0.0000,0.2998,0.0000,0.0000,0.0000,0.0000,0.0000,0.0000,0.7677,0.0000,0.4094,0.0000,0.3456,0.3208,0.0000,0.0000,0.0191,0.9919,0.0805,0.0000,0.8203,0.0000,0.0000,0.7214,0.0000,0.1000,0.1000,0.1447
the yellow dome throw the white tower to the blue cube,throw,blue Cube,recipient ,yellow Dome,agent ,white Tower,theme ,0.0000,0.4349,0.9150,0.0000,0.0000,0.4797,0.0000,0.0000,0.0000,0.0000,0.9618,1.0000,0.3000,0.0000,0.0000,0.0000,0.0000,0.0000,0.0000,0.9997,0.8151,0.6350,0.0000,0.0000,0.7951,0.9245,0.0000,0.0192,0.9480,0.9937,0.0000,0.0000,0.6323,0.0000,0.0000,0.6039,0.3447,0.3515,0.1000
the green tower kick the white dome to the blue cube,kick,blue Cube,recipient ,green Tower,agent ,white Dome,theme ,0.0000,0.3938,0.9123,0.0000,0.0000,0.4815,0.0000,0.0000,0.0000,0.0000,0.9223,0.9903,0.0000,0.0000,0.0000,0.0000,0.0000,0.0000,0.0000,0.9681,0.0000,0.9938,0.0000,0.3267,0.9972,0.9697,0.0000,0.0186,0.9155,0.9770,0.0000,0.0000,0.6083,0.0000,0.0000,0.5707,0.3442,0.3489,0.1000
the grey cube kick the blue tower,kick,white Cone, ,grey Cube,agent ,blue Tower,theme ,0.0000,0.4107,0.5900,0.0000,0.0000,0.5501,0.0000,0.0000,0.0000,0.0000,0.9317,1.0000,0.0000,0.0000,0.0000,0.0000,0.0000,0.0000,0.0000,0.9682,0.0654,0.4861,0.0000,0.9749,0.0000,0.4794,0.0000,0.0200,0.9288,0.9753,0.0000,0.0000,0.6083,0.0000,0.0000,0.6052,0.1000,0.3470,0.1000
the white sphere roll the blue tower to the green cube,roll,blue Tower,theme ,green Cube,recipient ,white Sphere,agent ,0.0000,0.9209,0.4511,0.0000,0.0000,0.3767,0.0000,0.0000,0.0000,0.0000,0.2999,0.9354,1.0000,0.0000,0.0000,0.0000,0.0000,0.0000,0.0000,0.9827,0.9980,0.0124,0.0000,0.9995,0.0086,0.9988,0.0000,0.9739,0.4185,0.9214,0.4299,0.0000,0.0000,0.3239,0.0000,0.0000,0.9238,0.3495,0.3467
the blue sphere throw the red dome,throw,green Cube, ,red Dome,theme ,blue Sphere,agent ,0.0000,0.7098,0.4075,0.0000,0.0000,0.5121,0.0000,0.0000,0.0000,0.0000,1.0000,1.0000,0.2953,0.0000,0.0000,0.0000,0.0000,0.0000,0.0000,0.0673,0.6785,0.0000,0.0000,0.9975,0.0000,0.0000,0.0000,0.0200,0.9836,0.9334,0.0000,0.6323,0.0000,0.0000,0.7084,0.0000,0.1000,0.0000,0.3546
the grey cone throw the yellow tower,throw,yellow Tower,theme ,blue Cylinder, ,grey Cone,agent ,0.0000,0.5152,0.5836,0.0000,0.0000,0.3437,0.0000,0.0000,0.0000,0.0000,0.0000,0.7406,0.0846,0.0000,0.0000,0.0000,0.0000,0.0000,0.0000,0.0000,0.9980,0.0333,0.0000,0.4700,0.0000,0.0000,0.0000,0.9864,0.0203,0.9071,0.6323,0.0000,0.0000,0.7084,0.0000,0.0000,0.0000,0.1000,0.3373
the red cube flip,flip,yellow Sphere, ,blue Cone, ,red Cube,agent ,0.0000,0.5006,0.5507,0.0000,0.0000,0.0531,0.0000,0.0000,0.0000,0.0000,0.0000,0.9589,0.2946,0.0000,0.0000,0.0000,0.0000,0.0000,0.0000,0.4385,0.0000,0.0000,0.0000,0.0000,0.3609,0.4017,0.0000,0.0810,0.0190,0.9857,0.0000,0.0000,0.7855,0.0000,0.0000,0.7047,0.1000,0.1000,0.8666
the yellow cylinder throw the white cone to the green cube,throw,white Cone,theme ,green Cube,recipient ,yellow Cylinder,agent ,0.0000,0.9150,0.5148,0.0000,0.0000,0.4450,0.0000,0.0000,0.0000,0.0000,0.0000,0.7661,1.0000,0.0000,0.0000,0.0000,0.0000,0.0000,0.0000,0.7952,0.9583,0.8187,0.0000,0.9983,0.0000,0.5214,0.0000,0.9945,0.0212,0.9477,0.6323,0.0000,0.0000,0.6039,0.0000,0.0000,0.1000,0.3284,0.3504
the green tower throw the grey cylinder,throw,blue Sphere, ,green Tower,agent ,grey Cylinder,theme ,0.0000,0.3236,0.4755,0.0000,0.0000,0.6085,0.0000,0.0000,0.0000,0.0000,0.4275,0.0703,0.2997,0.0000,0.0000,0.0000,0.0000,0.0000,0.0000,0.4350,0.0432,0.0000,0.0000,0.0000,0.0000,0.9980,0.0000,0.0216,0.8992,0.9874,0.0000,0.0000,0.6323,0.0000,0.0000,0.7084,0.1000,0.3440,0.0000
the yellow cylinder roll the green tower,roll,blue Dome, ,green Tower,theme ,yellow Cylinder,agent ,0.0000,0.9045,0.3945,0.0000,0.0000,0.4773,0.0000,0.0000,0.0000,0.0000,0.7869,0.9756,0.0000,0.0000,0.0000,0.0000,0.0000,0.0000,0.0000,0.2681,0.9797,0.0000,0.0000,0.9759,0.0000,0.0350,0.0000,0.3553,0.9771,0.9283,0.0000,0.4302,0.0000,0.0000,0.3236,0.0000,0.2594,0.8997,0.3459
the yellow tower spin,spin,yellow Tower,agent ,grey Sphere, ,red Cone, ,0.0000,0.2111,0.7009,0.0000,0.0000,0.5101,0.0000,0.0000,0.0000,0.0000,0.2998,0.0936,0.0000,0.0000,0.0000,0.0000,0.0000,0.0000,0.0000,0.0000,0.0000,0.3465,0.0000,0.0767,0.3640,0.0000,0.0000,0.0206,0.0216,0.0804,0.0000,0.0000,0.0000,0.0000,0.0000,0.0000,0.9916,0.1000,0.1000
the yellow cylinder spin,spin,yellow Cylinder,agent ,white Sphere, ,red Cone, ,0.0000,0.1926,0.7061,0.0000,0.0000,0.4863,0.0000,0.0000,0.0000,0.0000,0.2997,0.0936,0.0000,0.0000,0.0000,0.0000,0.0000,0.0000,0.0000,0.0000,0.0000,0.5919,0.0000,0.3208,0.6125,0.0000,0.0000,0.0200,0.0185,0.0787,0.0000,0.0000,0.0000,0.0000,0.0000,0.0000,0.9809,0.1000,0.1000
the red cylinder flip,flip,red Cylinder,agent ,white Cube, ,grey Tower, ,0.0000,0.8224,0.3116,0.0000,0.0000,0.4892,0.0000,0.0000,0.0000,0.0000,0.0963,0.0000,1.0000,0.0000,0.0000,0.0000,0.0000,0.0000,0.0000,0.0602,0.0645,0.9649,0.0000,0.0660,0.9692,0.0000,0.0000,0.9793,0.0788,0.0190,0.7848,0.0000,0.0000,0.7433,0.0000,0.0000,0.8671,0.1000,0.1000
the yellow cube roll the blue sphere to the red cylinder,roll,blue Sphere,theme ,yellow Cube,agent ,red Cylinder,recipient ,0.0000,0.4814,0.9108,0.0000,0.0000,0.3966,0.0000,0.0000,0.0000,0.0000,0.9496,0.0000,0.9961,0.0000,0.0000,0.0000,0.0000,0.0000,0.0000,0.9729,0.9585,0.5290,0.0000,0.9931,0.0000,0.9786,0.0000,0.9887,0.9150,0.2059,0.2414,0.0000,0.0000,0.0947,0.0000,0.0000,0.8292,0.3365,0.3235
the red cone spin,spin,blue Sphere, ,red Cone,agent ,green Dome, ,0.0000,0.7000,0.4911,0.0000,0.0000,0.1911,0.0000,0.0000,0.0000,0.0000,0.0000,0.2994,0.1029,0.0000,0.0000,0.0000,0.0000,0.0000,0.0000,0.0000,0.2995,0.2930,0.0000,0.2971,0.0000,0.0000,0.0000,0.0780,0.0181,0.0202,0.0000,0.0000,0.0000,0.0000,0.0000,0.0000,0.1000,0.9816,0.1000
the red tower give the blue cube to the green sphere,give,red Tower,agent ,green Sphere,recipient ,blue Cube,theme ,0.0000,0.8015,0.8074,0.0000,0.0000,0.9150,0.0000,0.0000,0.0000,0.0000,0.9733,0.5971,0.9903,0.0000,0.0000,0.0000,0.0000,0.0000,0.0000,0.0000,0.2667,0.9999,0.0000,0.7958,0.7406,0.7952,0.0000,0.9741,0.9467,0.9962,0.0000,0.0000,0.0687,0.0000,0.0000,0.0000,0.3611,0.4117,0.1000
the white tower hop,hop,red Dome, ,white Tower,agent ,blue Cube, ,0.0000,0.3571,0.5028,0.0000,0.0000,-0.1262,0.0000,0.0000,0.0000,0.0000,1.0000,0.2990,0.1061,0.0000,0.0000,0.0000,0.0000,0.0000,0.0000,0.0000,0.0000,0.0663,0.0000,0.0000,0.1344,0.0000,0.0000,0.0813,0.9915,0.0192,0.0000,0.8203,0.0000,0.0000,0.8162,0.0000,0.1000,0.1000,0.1000
the grey sphere roll the white cone,roll,white Cone,theme ,grey Sphere,agent ,red Dome, ,0.0000,0.4940,0.6033,0.0000,0.0000,0.4080,0.0000,0.0000,0.0000,0.0000,0.9548,0.0000,0.7079,0.0000,0.0000,0.0000,0.0000,0.0000,0.0000,0.5474,0.8881,0.3866,0.0000,0.4729,0.0000,0.9930,0.0000,0.9959,0.9215,0.0199,0.3737,0.0000,0.0000,0.3240,0.0000,0.0000,0.8932,0.3570,0.1000
the yellow cone give the grey sphere to the green dome,give,grey Sphere,theme ,green Dome,recipient ,yellow Cone,agent ,0.0000,0.9150,0.7565,0.0000,0.0000,0.8011,0.0000,0.0000,0.0000,0.0000,1.0000,0.7896,0.9287,0.0000,0.0000,0.0000,0.0000,0.0000,0.0000,0.7951,0.8057,0.7937,0.0000,0.9999,0.2477,0.0000,0.0000,0.9961,0.9390,0.9753,0.0687,0.0000,0.0000,0.0000,0.0000,0.0000,0.1000,0.3482,0.3312
the blue sphere roll the white cube,roll,blue Sphere,agent ,white Cube,theme ,grey Cone, ,0.0000,0.3786,0.3964,0.0000,0.0000,0.5405,0.0000,0.0000,0.0000,0.0000,0.9341,0.2992,0.9441,0.0000,0.0000,0.0000,0.0000,0.0000,0.0000,0.0000,0.0000,0.4971,0.0000,0.0000,0.9842,0.4479,0.0000,0.9074,0.9944,0.0208,0.0000,0.4292,0.0000,0.0000,0.4894,0.0000,0.3508,0.8552,0.1000
the red cube hop,hop,yellow Sphere, ,grey Dome, ,red Cube,agent ,0.0000,0.5075,0.4947,0.0000,0.0000,0.8470,0.0000,0.0000,0.0000,0.0000,0.0000,0.5267,0.2994,0.0000,0.0000,0.0000,0.0000,0.0000,0.0000,0.3130,0.4945,0.0000,0.0000,0.0000,0.0000,0.7319,0.0000,0.0204,0.0811,0.9915,0.0000,0.0000,0.8203,0.0000,0.0000,0.8162,0.1000,0.1000,0.1000
the grey cube kick the green cone to the red cylinder,kick,red Cylinder,recipient ,green Cone,theme ,grey Cube,agent ,0.0000,0.9127,0.4001,0.0000,0.0000,0.4875,0.0000,0.0000,0.0000,0.0000,0.9932,0.9678,0.0000,0.0000,0.0000,0.0000,0.0000,0.0000,0.0000,0.3929,0.9848,0.9990,0.0000,0.9852,0.9971,0.0000,0.0000,0.0193,0.9826,0.9228,0.0000,0.6083,0.0000,0.0000,0.5707,0.0000,0.3524,0.1000,0.3504
the blue cylinder hop,hop,blue Cylinder,agent ,white Tower, ,yellow Sphere, ,0.0000,0.3516,0.8549,0.0000,0.0000,0.4845,0.0000,0.0000,0.0000,0.0000,0.0000,0.0950,1.0000,0.0000,0.0000,0.0000,0.0000,0.0000,0.0000,0.4105,0.1781,0.6571,0.0000,0.0000,0.4247,0.4746,0.0000,0.9841,0.0181,0.0787,0.6083,0.0000,0.0000,0.6052,0.0000,0.0000,0.1000,0.1000,0.1000
the blue dome hop,hop,blue Dome,agent ,red Sphere, ,grey Tower, ,0.0000,0.6236,0.2585,0.0000,0.0000,0.4997,0.0000,0.0000,0.0000,0.0000,0.0967,0.0000,1.0000,0.0000,0.0000,0.0000,0.0000,0.0000,0.0000,0.4134,0.0000,0.0000,0.0000,0.0000,0.0000,0.3113,0.0000,0.9915,0.0782,0.0217,0.8203,0.0000,0.0000,0.8162,0.0000,0.0000,0.1000,0.1000,0.1000
the green dome roll the yellow cube,roll,yellow Cube,theme ,blue Sphere, ,green Dome,agent ,0.0000,0.8958,0.4818,0.0000,0.0000,0.4053,0.0000,0.0000,0.0000,0.0000,0.0000,0.9546,1.0000,0.0000,0.0000,0.0000,0.0000,0.0000,0.0000,0.0000,0.9544,0.2478,0.0000,0.9703,0.2396,0.0312,0.0000,0.9915,0.2856,0.9212,0.3104,0.0000,0.0000,0.2554,0.0000,0.0000,0.8779,0.1124,0.3522
the white cone roll the grey cube to the blue sphere,roll,grey Cube,theme ,blue Sphere,recipient ,white Cone,agent ,0.0000,0.9011,0.4886,0.0000,0.0000,0.3939,0.0000,0.0000,0.0000,0.0000,0.0000,0.9379,0.9774,0.0000,0.0000,0.0000,0.0000,0.0000,0.0000,0.9547,0.9831,0.4711,0.0000,0.9916,0.0000,0.9995,0.0000,0.9890,0.3571,0.8981,0.4299,0.0000,0.0000,0.3847,0.0000,0.0000,0.8941,0.3473,0.3434
the white cylinder kick the green dome,kick,green Dome,theme ,yellow Sphere, ,white Cylinder,agent ,0.0000,0.8169,0.4845,0.0000,0.0000,0.4043,0.0000,0.0000,0.0000,0.0000,0.0000,0.9547,0.3247,0.0000,0.0000,0.0000,0.0000,0.0000,0.0000,0.0000,0.8141,0.5550,0.0000,0.9960,0.2549,0.0651,0.0000,0.9739,0.0199,0.9218,0.6083,0.0000,0.0000,0.6052,0.0000,0.0000,0.1000,0.1000,0.3322
the yellow dome flip,flip,yellow Dome,agent ,grey Cone, ,blue Cylinder, ,0.0000,0.3364,0.8373,0.0000,0.0000,0.4949,0.0000,0.0000,0.0000,0.0000,0.2995,0.0958,1.0000,0.0000,0.0000,0.0000,0.0000,0.0000,0.0000,0.0000,0.0000,0.7170,0.0000,0.2832,0.5905,0.0000,0.0000,0.9857,0.0209,0.0780,0.7855,0.0000,0.0000,0.7047,0.0000,0.0000,0.8063,0.1000,0.1000
the blue cone give the yellow dome to the green tower,give,blue Cone,agent ,green Tower,recipient ,yellow Dome,theme ,0.0000,0.8001,0.7559,0.0000,0.0000,0.9150,0.0000,0.0000,0.0000,0.0000,0.9703,1.0000,0.9921,0.0000,0.0000,0.0000,0.0000,0.0000,0.0000,0.0000,0.2451,0.9999,0.0000,0.7940,0.8059,0.7951,0.0000,0.9764,0.9430,0.9964,0.0000,0.0000,0.0687,0.0000,0.0000,0.0000,0.3454,0.3463,0.1000
the green cube roll the blue sphere to the white cone,roll,green Cube,agent ,blue Sphere,theme ,white Cone,recipient ,0.0000,0.4894,0.4026,0.0000,0.0000,0.9050,0.0000,0.0000,0.0000,0.0000,0.6430,0.2993,0.9354,0.0000,0.0000,0.0000,0.0000,0.0000,0.0000,0.3524,0.9975,0.9581,0.0000,0.8182,0.9899,0.0000,0.0000,0.9229,0.9886,0.0206,0.0000,0.1630,0.0000,0.0000,0.0000,0.0000,0.3471,0.9704,0.3433
the grey dome throw the yellow cone to the red sphere,throw,grey Dome,agent ,red Sphere,recipient ,yellow Cone,theme ,0.0000,0.4391,0.4747,0.0000,0.0000,0.9150,0.0000,0.0000,0.0000,0.0000,0.0000,1.0000,0.9733,0.0000,0.0000,0.0000,0.0000,0.0000,0.0000,0.5506,0.0000,0.9996,0.0000,0.8157,0.9180,0.7952,0.0000,0.9486,0.0195,0.9947,0.0000,0.0000,0.6323,0.0000,0.0000,0.6039,0.3577,0.3848,0.1000
the yellow cylinder give the grey tower to the white cube,give,grey Tower,theme ,white Cube,recipient ,yellow Cylinder,agent ,0.0000,0.9150,0.8009,0.0000,0.0000,0.8017,0.0000,0.0000,0.0000,0.0000,1.0000,0.7898,1.0000,0.0000,0.0000,0.0000,0.0000,0.0000,0.0000,0.7952,0.7436,0.7964,0.0000,0.9999,0.3186,0.0000,0.0000,0.9964,0.9445,0.9779,0.0687,0.0000,0.0000,0.0000,0.0000,0.0000,0.1000,0.3801,0.3446
the white dome spin,spin,white Dome,agent ,red Cylinder, ,grey Sphere, ,0.0000,0.6834,0.1866,0.0000,0.0000,0.5029,0.0000,0.0000,0.0000,0.0000,0.0928,0.2993,0.2984,0.0000,0.0000,0.0000,0.0000,0.0000,0.0000,0.0000,0.0000,0.4061,0.0000,0.0000,0.3830,0.1079,0.0000,0.0183,0.0815,0.0190,0.0000,0.0000,0.0000,0.0000,0.0000,0.0000,0.9881,0.1000,0.1000
the blue cone give the yellow tower to the grey cube,give,blue Cone,agent ,grey Cube,recipient ,yellow Tower,theme ,0.0000,0.8032,0.7571,0.0000,0.0000,0.9150,0.0000,0.0000,0.0000,0.0000,0.9529,1.0000,0.9955,0.0000,0.0000,0.0000,0.0000,0.0000,0.0000,0.0000,0.2621,0.9999,0.0000,0.7939,0.8075,0.7951,0.0000,0.9791,0.9389,0.9963,0.0000,0.0000,0.0687,0.0000,0.0000,0.0000,0.3323,0.3463,0.1000
the blue dome flip,flip,blue Dome,agent ,red Cone, ,white Cylinder, ,0.0000,0.3559,0.8519,0.0000,0.0000,0.5030,0.0000,0.0000,0.0000,0.0000,0.2994,0.0971,1.0000,0.0000,0.0000,0.0000,0.0000,0.0000,0.0000,0.0000,0.0000,0.8528,0.0000,0.3517,0.7891,0.0000,0.0000,0.9857,0.0213,0.0793,0.7855,0.0000,0.0000,0.7047,0.0000,0.0000,0.8487,0.1000,0.1000
the yellow sphere hop,hop,green Cylinder, ,yellow Sphere,agent ,blue Tower, ,0.0000,0.4509,0.5113,0.0000,0.0000,0.0325,0.0000,0.0000,0.0000,0.0000,0.2975,0.0000,0.0896,0.0000,0.0000,0.0000,0.0000,0.0000,0.0000,0.0000,0.0000,0.0000,0.0000,0.0000,0.0189,0.0000,0.0000,0.0809,0.9915,0.0213,0.0000,0.8203,0.0000,0.0000,0.8162,0.0000,0.1000,0.1000,0.1000
the red cone give the grey cylinder to the yellow cube,give,grey Cylinder,theme ,yellow Cube,recipient ,red Cone,agent ,0.0000,0.9150,0.8184,0.0000,0.0000,0.8028,0.0000,0.0000,0.0000,0.0000,1.0000,0.7861,1.0000,0.0000,0.0000,0.0000,0.0000,0.0000,0.0000,0.7952,0.7374,0.7954,0.0000,1.0000,0.1905,0.0718,0.0000,0.9964,0.9551,0.9727,0.0687,0.0000,0.0000,0.0000,0.0000,0.0000,0.1000,0.3544,0.3590
the yellow cone flip,flip,white Sphere, ,yellow Cone,agent ,blue Tower, ,0.0000,0.3092,0.5076,0.0000,0.0000,0.7834,0.0000,0.0000,0.0000,0.0000,1.0000,0.0000,0.0000,0.0000,0.0000,0.0000,0.0000,0.0000,0.0000,0.4958,0.2098,0.0000,0.0000,0.1050,0.0000,0.2761,0.0000,0.0217,0.9857,0.0798,0.0000,0.7855,0.0000,0.0000,0.7047,0.0000,0.1000,0.8486,0.1000
the red sphere roll the grey cylinder to the yellow cube,roll,yellow Cube,recipient ,red Sphere,agent ,grey Cylinder,theme ,0.0000,0.3996,0.9025,0.0000,0.0000,0.4279,0.0000,0.0000,0.0000,0.0000,0.9571,1.0000,0.0000,0.0000,0.0000,0.0000,0.0000,0.0000,0.0000,0.9917,0.0000,0.9978,0.0000,0.0000,0.2438,0.8941,0.0000,0.2067,0.9143,0.9942,0.0000,0.0000,0.3101,0.0000,0.0000,0.1794,0.3483,0.3584,0.9586
the white dome kick the red tower to the grey cylinder,kick,grey Cylinder,recipient ,red Tower,theme ,white Dome,agent ,0.0000,0.9189,0.3859,0.0000,0.0000,0.4670,0.0000,0.0000,0.0000,0.0000,1.0000,0.9238,0.2999,0.0000,0.0000,0.0000,0.0000,0.0000,0.0000,0.0000,0.9698,1.0000,0.0000,0.9707,0.9942,0.1686,0.0000,0.0187,0.9745,0.9154,0.0000,0.6083,0.0000,0.0000,0.5707,0.0000,0.3419,0.1000,0.3373
the blue dome give the yellow sphere to the white cone,give,blue Dome,agent ,yellow Sphere,theme ,white Cone,recipient ,0.0000,0.7360,0.8023,0.0000,0.0000,0.9150,0.0000,0.0000,0.0000,0.0000,1.0000,0.9234,0.7934,0.0000,0.0000,0.0000,0.0000,0.0000,0.0000,0.4580,0.0000,0.8720,0.0000,0.7951,0.9997,0.7919,0.0000,0.9818,0.9965,0.8780,0.0000,0.0687,0.0000,0.0000,0.0000,0.0000,0.3570,0.1000,0.3452
the blue cylinder hop,hop,grey Dome, ,blue Cylinder,agent ,red Cube, ,0.0000,0.2914,0.4858,0.0000,0.0000,0.7746,0.0000,0.0000,0.0000,0.0000,0.3449,0.2997,0.3000,0.0000,0.0000,0.0000,0.0000,0.0000,0.0000,0.3250,0.0000,0.4218,0.0000,0.7040,0.3013,0.0427,0.0000,0.0189,0.9841,0.0782,0.0000,0.6083,0.0000,0.0000,0.6052,0.0000,0.1000,0.1000,0.1000
the red cylinder spin,spin,blue Tower, ,red Cylinder,agent ,green Cube, ,0.0000,0.2014,0.4941,0.0000,0.0000,0.7073,0.0000,0.0000,0.0000,0.0000,0.2993,0.2971,0.0000,0.0000,0.0000,0.0000,0.0000,0.0000,0.0000,0.0000,0.0146,0.0000,0.0000,0.0000,0.0000,0.0000,0.0000,0.0198,0.0205,0.0790,0.0000,0.0000,0.0000,0.0000,0.0000,0.0000,0.1000,1.0000,0.1000
the red tower hop,hop,blue Sphere, ,red Tower,agent ,green Cone, ,0.0000,0.8482,0.4975,0.0000,0.0000,0.5087,0.0000,0.0000,0.0000,0.0000,0.2010,0.2999,0.1024,0.0000,0.0000,0.0000,0.0000,0.0000,0.0000,0.0000,0.0000,0.9720,0.0000,0.0228,0.1719,0.5246,0.0000,0.0781,0.9915,0.0214,0.0000,0.8203,0.0000,0.0000,0.8162,0.0000,0.1000,0.1000,0.1000
the blue cube roll the white cone to the red tower,roll,blue Cube,agent ,white Cone,theme ,red Tower,recipient ,0.0000,0.4764,0.3934,0.0000,0.0000,0.9127,0.0000,0.0000,0.0000,0.0000,1.0000,0.2997,0.9354,0.0000,0.0000,0.0000,0.0000,0.0000,0.0000,0.0739,0.9987,0.9925,0.0000,0.9660,0.9978,0.0000,0.0000,0.9230,0.9787,0.2838,0.0000,0.4300,0.0000,0.0000,0.3845,0.0000,0.3424,0.8883,0.3648
the white cone hop,hop,blue Dome, ,white Cone,agent ,red Cylinder, ,0.0000,0.7109,0.4999,0.0000,0.0000,0.3819,0.0000,0.0000,0.0000,0.0000,0.0956,0.0000,0.0943,0.0000,0.0000,0.0000,0.0000,0.0000,0.0000,0.0000,0.0000,0.0000,0.0000,0.0000,0.2698,0.1588,0.0000,0.0781,0.9915,0.0219,0.0000,0.8203,0.0000,0.0000,0.8162,0.0000,0.1000,0.1000,0.1000
the white tower give the grey cylinder to the red sphere,give,red Sphere,recipient ,white Tower,agent ,grey Cylinder,theme ,0.0000,0.8012,0.9150,0.0000,0.0000,0.8583,0.0000,0.0000,0.0000,0.0000,0.9618,1.0000,0.9939,0.0000,0.0000,0.0000,0.0000,0.0000,0.0000,1.0000,0.7958,0.4393,0.0000,0.0000,0.7952,0.8039,0.0000,0.9756,0.9465,0.9953,0.0000,0.0000,0.0687,0.0000,0.0000,0.0000,0.3433,0.3472,0.1000
the blue dome kick the yellow sphere,kick,yellow Sphere,theme ,green Tower, ,blue Dome,agent ,0.0000,0.6681,0.5103,0.0000,0.0000,0.3938,0.0000,0.0000,0.0000,0.0000,0.0000,0.9497,0.1506,0.0000,0.0000,0.0000,0.0000,0.0000,0.0000,0.2609,0.6180,0.0000,0.0000,0.9862,0.0000,0.0000,0.0000,0.9743,0.0201,0.9146,0.6083,0.0000,0.0000,0.6052,0.0000,0.0000,0.1000,0.1000,0.3484
the red tower roll the grey cone to the yellow cylinder,roll,yellow Cylinder,recipient ,red Tower,agent ,grey Cone,theme ,0.0000,0.3858,0.9210,0.0000,0.0000,0.4600,0.0000,0.0000,0.0000,0.0000,0.9494,1.0000,0.0000,0.0000,0.0000,0.0000,0.0000,0.0000,0.0000,0.9988,0.0184,0.9992,0.0000,0.0038,0.9813,0.9961,0.0000,0.4200,0.9148,0.9715,0.0000,0.0000,0.3728,0.0000,0.0000,0.3239,0.3611,0.3395,0.9453
the green cylinder give the yellow dome to the red cone,give,yellow Dome,theme ,green Cylinder,agent ,red Cone,recipient ,0.0000,0.7940,0.9150,0.0000,0.0000,0.8004,0.0000,0.0000,0.0000,0.0000,0.7786,1.0000,1.0000,0.0000,0.0000,0.0000,0.0000,0.0000,0.0000,0.7490,0.7951,0.0000,0.0000,0.2988,0.7951,1.0000,0.0000,0.9957,0.9602,0.9692,0.0687,0.0000,0.0000,0.0000,0.0000,0.0000,0.1000,0.3396,0.3274
the red tower give the green sphere to the yellow cube,give,green Sphere,theme ,yellow Cube,recipient ,red Tower,agent ,0.0000,0.9150,0.7921,0.0000,0.0000,0.8012,0.0000,0.0000,0.0000,0.0000,1.0000,0.7909,1.0000,0.0000,0.0000,0.0000,0.0000,0.0000,0.0000,0.7952,0.7505,0.7970,0.0000,0.9998,0.3804,0.0000,0.0000,0.9963,0.9280,0.9794,0.0687,0.0000,0.0000,0.0000,0.0000,0.0000,0.1000,0.3488,0.3549
the grey cylinder kick the white dome to the red tower,kick,grey Cylinder,agent ,red Tower,recipient ,white Dome,theme ,0.0000,0.4036,0.4908,0.0000,0.0000,0.9129,0.0000,0.0000,0.0000,0.0000,0.0000,0.4780,0.9224,0.0000,0.0000,0.0000,0.0000,0.0000,0.0000,0.9918,0.0000,0.9574,0.0000,0.3306,0.9577,0.9940,0.0000,0.9290,0.0189,0.9772,0.0000,0.0000,0.6083,0.0000,0.0000,0.5707,0.3333,0.3401,0.1000
the green tower give the blue cone to the yellow cube,give,yellow Cube,recipient ,green Tower,agent ,blue Cone,theme ,0.0000,0.8025,0.9150,0.0000,0.0000,0.8216,0.0000,0.0000,0.0000,0.0000,0.9907,1.0000,0.9722,0.0000,0.0000,0.0000,0.0000,0.0000,0.0000,1.0000,0.7956,0.1006,0.0000,0.1605,0.7952,0.7385,0.0000,0.9574,0.9714,0.9962,0.0000,0.0000,0.0687,0.0000,0.0000,0.0000,0.3413,0.3474,0.1000
the grey tower kick the blue cylinder to the green cone,kick,grey Tower,agent ,blue Cylinder,theme ,green Cone,recipient ,0.0000,0.4668,0.3916,0.0000,0.0000,0.9249,0.0000,0.0000,0.0000,0.0000,1.0000,0.8124,0.9546,0.0000,0.0000,0.0000,0.0000,0.0000,0.0000,0.0027,0.9942,0.9703,0.0000,0.9998,0.9695,0.0037,0.0000,0.9229,0.9733,0.2048,0.0000,0.6083,0.0000,0.0000,0.6052,0.0000,0.3555,0.1000,0.3464
the red dome hop,hop,red Dome,agent ,green Cube, ,grey Cone, ,0.0000,0.5283,0.8390,0.0000,0.0000,0.4991,0.0000,0.0000,0.0000,0.0000,0.0000,0.1028,1.0000,0.0000,0.0000,0.0000,0.0000,0.0000,0.0000,0.0000,0.0000,0.5337,0.0000,0.2892,0.0000,0.0000,0.0000,0.9915,0.0210,0.0788,0.8203,0.0000,0.0000,0.8162,0.0000,0.0000,0.1000,0.1000,0.1000
the grey cube flip,flip,red Sphere, ,grey Cube,agent ,yellow Cone, ,0.0000,0.3368,0.5040,0.0000,0.0000,0.8303,0.0000,0.0000,0.0000,0.0000,1.0000,0.2963,0.0000,0.0000,0.0000,0.0000,0.0000,0.0000,0.0000,0.8112,0.1039,0.0000,0.0000,0.0235,0.0000,0.7162,0.0000,0.0208,0.9857,0.0800,0.0000,0.7855,0.0000,0.0000,0.7047,0.0000,0.1000,0.8066,0.1000
the blue dome flip,flip,green Sphere, ,yellow Tower, ,blue Dome,agent ,0.0000,0.4960,0.7852,0.0000,0.0000,0.3015,0.0000,0.0000,0.0000,0.0000,0.2993,1.0000,0.0000,0.0000,0.0000,0.0000,0.0000,0.0000,0.0000,0.0861,0.2808,0.0000,0.0000,0.5145,0.0000,0.0000,0.0000,0.0800,0.0192,0.9857,0.0000,0.0000,0.7855,0.0000,0.0000,0.7047,0.1000,0.1000,0.8487
the blue sphere give the yellow tower to the red cylinder,give,yellow Tower,theme ,red Cylinder,recipient ,blue Sphere,agent ,0.0000,0.9150,0.7478,0.0000,0.0000,0.8027,0.0000,0.0000,0.0000,0.0000,1.0000,0.7915,0.9274,0.0000,0.0000,0.0000,0.0000,0.0000,0.0000,0.7952,0.8315,0.7930,0.0000,0.9998,0.3397,0.0000,0.0000,0.9964,0.9230,0.9797,0.0687,0.0000,0.0000,0.0000,0.0000,0.0000,0.1000,0.3503,0.3581
the blue cone spin,spin,white Tower, ,blue Cone,agent ,green Dome, ,0.0000,0.6872,0.5142,0.0000,0.0000,0.2015,0.0000,0.0000,0.0000,0.0000,0.0000,0.0000,0.1012,0.0000,0.0000,0.0000,0.0000,0.0000,0.0000,0.0000,0.4573,0.4358,0.0000,0.4489,0.0000,0.0000,0.0000,0.0811,0.0186,0.0217,0.0000,0.0000,0.0000,0.0000,0.0000,0.0000,0.1000,0.9750,0.1000
the blue sphere hop,hop,grey Cube, ,white Cylinder, ,blue Sphere,agent ,0.0000,0.4875,0.9110,0.0000,0.0000,0.5272,0.0000,0.0000,0.0000,0.0000,0.2998,0.3555,0.0000,0.0000,0.0000,0.0000,0.0000,0.0000,0.0000,0.0000,0.0000,0.2752,0.0000,0.8436,0.0000,0.0000,0.0000,0.0793,0.0181,0.9919,0.0000,0.0000,0.8203,0.0000,0.0000,0.7214,0.1505,0.1000,0.1000
the yellow cube throw the red tower,throw,blue Dome, ,red Tower,theme ,yellow Cube,agent ,0.0000,0.6827,0.3938,0.0000,0.0000,0.5131,0.0000,0.0000,0.0000,0.0000,0.1462,0.6578,0.0000,0.0000,0.0000,0.0000,0.0000,0.0000,0.0000,0.0595,0.6492,0.0000,0.0000,0.9981,0.0000,0.0000,0.0000,0.0204,0.9837,0.9398,0.0000,0.6323,0.0000,0.0000,0.7084,0.0000,0.1000,0.0000,0.3390
the red tower flip,flip,yellow Sphere, ,white Dome, ,red Tower,agent ,0.0000,0.4928,0.3241,0.0000,0.0000,0.8205,0.0000,0.0000,0.0000,0.0000,0.0000,0.6906,0.2998,0.0000,0.0000,0.0000,0.0000,0.0000,0.0000,0.0000,0.5476,0.3392,0.0000,0.3565,0.2725,0.0813,0.0000,0.0205,0.0780,0.9857,0.0000,0.0000,0.7855,0.0000,0.0000,0.7047,0.1000,0.1000,0.8487
the white cylinder flip,flip,white Cylinder,agent ,grey Cube, ,red Sphere, ,0.0000,0.2826,0.7772,0.0000,0.0000,0.4946,0.0000,0.0000,0.0000,0.0000,0.2994,0.1015,1.0000,0.0000,0.0000,0.0000,0.0000,0.0000,0.0000,0.0000,0.0000,0.4377,0.0000,0.3360,0.2717,0.0000,0.0000,0.9793,0.0208,0.0781,0.7848,0.0000,0.0000,0.7433,0.0000,0.0000,0.8671,0.1000,0.1000
the white cylinder give the green tower to the red cone,give,red Cone,recipient ,green Tower,theme ,white Cylinder,agent ,0.0000,0.9150,0.8004,0.0000,0.0000,0.7702,0.0000,0.0000,0.0000,0.0000,0.9292,0.9892,1.0000,0.0000,0.0000,0.0000,0.0000,0.0000,0.0000,0.7949,1.0000,0.7952,0.0000,0.7782,0.0882,0.1334,0.0000,0.9587,0.9963,0.9744,0.0000,0.0687,0.0000,0.0000,0.0000,0.0000,0.3573,0.1000,0.3439
the green dome hop,hop,red Cone, ,grey Sphere, ,green Dome,agent ,0.0000,0.4846,0.3916,0.0000,0.0000,0.7288,0.0000,0.0000,0.0000,0.0000,0.0000,1.0000,0.2991,0.0000,0.0000,0.0000,0.0000,0.0000,0.0000,0.2767,0.2210,0.0000,0.0000,0.0000,0.0000,0.0000,0.0000,0.0187,0.0782,0.9915,0.0000,0.0000,0.8203,0.0000,0.0000,0.8162,0.1000,0.1000,0.1000
the white dome hop,hop,grey Cylinder, ,blue Cube, ,white Dome,agent ,0.0000,0.4970,0.0671,0.0000,0.0000,0.4977,0.0000,0.0000,0.0000,0.0000,0.2963,1.0000,0.0000,0.0000,0.0000,0.0000,0.0000,0.0000,0.0000,0.1704,0.0000,0.0000,0.0000,0.0000,0.0726,0.3160,0.0000,0.0185,0.0808,0.9915,0.0000,0.0000,0.8203,0.0000,0.0000,0.8162,0.1000,0.1000,0.1000
the yellow tower flip,flip,green Cube, ,yellow Tower,agent ,blue Cylinder, ,0.0000,0.3336,0.4870,0.0000,0.0000,0.8461,0.0000,0.0000,0.0000,0.0000,1.0000,0.2954,0.0000,0.0000,0.0000,0.0000,0.0000,0.0000,0.0000,0.8813,0.0000,0.4334,0.0000,0.4789,0.4198,0.8358,0.0000,0.0189,0.9857,0.0784,0.0000,0.7855,0.0000,0.0000,0.7047,0.0000,0.1000,0.8666,0.1000
the red tower throw the yellow cube to the blue dome,throw,yellow Cube,theme ,blue Dome,recipient ,red Tower,agent ,0.0000,0.9150,0.4801,0.0000,0.0000,0.4517,0.0000,0.0000,0.0000,0.0000,0.0000,0.7656,1.0000,0.0000,0.0000,0.0000,0.0000,0.0000,0.0000,0.7952,0.9124,0.8199,0.0000,0.9999,0.0000,0.0805,0.0000,0.9962,0.0216,0.9437,0.6323,0.0000,0.0000,0.6053,0.0000,0.0000,0.1000,0.3348,0.3328
the blue cylinder give the white dome to the yellow cube,give,white Dome,theme ,yellow Cube,recipient ,blue Cylinder,agent ,0.0000,0.9150,0.7740,0.0000,0.0000,0.8007,0.0000,0.0000,0.0000,0.0000,0.9859,0.7927,1.0000,0.0000,0.0000,0.0000,0.0000,0.0000,0.0000,0.7952,0.7726,0.7978,0.0000,0.9997,0.5135,0.0000,0.0000,0.9963,0.9000,0.9814,0.0687,0.0000,0.0000,0.0000,0.0000,0.0000,0.1000,0.3494,0.3278
the grey dome roll the white cone,roll,grey Dome,agent ,blue Tower, ,white Cone,theme ,0.0000,0.4145,0.3302,0.0000,0.0000,0.6289,0.0000,0.0000,0.0000,0.0000,0.0000,1.0000,0.9708,0.0000,0.0000,0.0000,0.0000,0.0000,0.0000,0.0000,0.0000,0.9867,0.0000,0.0278,0.6167,0.0000,0.0000,0.9290,0.0214,0.9956,0.0000,0.0000,0.2413,0.0000,0.0000,0.3227,0.3424,0.1000,0.7918
the white cube flip,flip,white Cube,agent ,yellow Dome, ,blue Sphere, ,0.0000,0.0537,0.5669,0.0000,0.0000,0.4868,0.0000,0.0000,0.0000,0.0000,0.2995,0.1052,0.9778,0.0000,0.0000,0.0000,0.0000,0.0000,0.0000,0.0000,0.0000,0.0000,0.0000,0.0100,0.0000,0.0000,0.0000,0.9857,0.0182,0.0791,0.7855,0.0000,0.0000,0.7047,0.0000,0.0000,0.8064,0.0000,0.0000
the white cube roll the green cone to the grey sphere,roll,green Cone,theme ,white Cube,agent ,grey Sphere,recipient ,0.0000,0.4777,0.9032,0.0000,0.0000,0.3977,0.0000,0.0000,0.0000,0.0000,0.9202,0.2993,0.9435,0.0000,0.0000,0.0000,0.0000,0.0000,0.0000,0.9342,0.6865,0.0000,0.0000,0.9995,0.0000,0.9882,0.0000,0.9876,0.9076,0.3571,0.1642,0.0000,0.0000,0.0000,0.0000,0.0000,0.9998,0.3446,0.3268
the yellow dome roll the red sphere,roll,red Sphere,theme ,white Cone, ,yellow Dome,agent ,0.0000,0.7704,0.3288,0.0000,0.0000,0.3939,0.0000,0.0000,0.0000,0.0000,0.2995,0.9202,0.8413,0.0000,0.0000,0.0000,0.0000,0.0000,0.0000,0.8340,0.7900,0.0000,0.0000,0.9941,0.2407,0.0949,0.0000,0.9926,0.0197,0.9081,0.2420,0.0000,0.0000,0.0000,0.0000,0.0000,0.8754,0.1000,0.3508
the yellow dome give the grey cone to the green cylinder,give,green Cylinder,recipient ,yellow Dome,agent ,grey Cone,theme ,0.0000,0.8020,0.9150,0.0000,0.0000,0.7811,0.0000,0.0000,0.0000,0.0000,0.9967,1.0000,0.9114,0.0000,0.0000,0.0000,0.0000,0.0000,0.0000,0.9997,0.7977,0.0000,0.0000,0.4705,0.7952,0.7628,0.0000,0.8989,0.9792,0.9965,0.0000,0.0000,0.0687,0.0000,0.0000,0.0000,0.3591,0.3550,0.1000
the yellow cube flip,flip,green Sphere, ,grey Cylinder, ,yellow Cube,agent ,0.0000,0.5135,0.7226,0.0000,0.0000,0.2570,0.0000,0.0000,0.0000,0.0000,0.2999,0.7977,0.0000,0.0000,0.0000,0.0000,0.0000,0.0000,0.0000,0.0000,0.0000,0.2118,0.0000,0.1580,0.0000,0.0000,0.0000,0.0814,0.0214,0.9857,0.0000,0.0000,0.7855,0.0000,0.0000,0.7047,0.1000,0.1000,0.8485
the grey sphere roll the blue dome to the red cube,roll,blue Dome,theme ,grey Sphere,agent ,red Cube,recipient ,0.0000,0.3055,0.8589,0.0000,0.0000,0.3769,0.0000,0.0000,0.0000,0.0000,0.9202,0.2995,1.0000,0.0000,0.0000,0.0000,0.0000,0.0000,0.0000,0.8466,0.0000,0.0000,0.0000,0.9898,0.0000,0.9623,0.0000,0.9950,0.9075,0.3547,0.3727,0.0000,0.0000,0.4409,0.0000,0.0000,0.8507,0.3469,0.3490
the green sphere give the red dome to the white cone,give,green Sphere,agent ,red Dome,theme ,white Cone,recipient ,0.0000,0.8139,0.8027,0.0000,0.0000,0.9150,0.0000,0.0000,0.0000,0.0000,0.6507,0.9691,0.7877,0.0000,0.0000,0.0000,0.0000,0.0000,0.0000,0.2259,0.0358,0.7377,0.0000,0.7952,0.9999,0.7958,0.0000,0.9752,0.9963,0.9555,0.0000,0.0687,0.0000,0.0000,0.0000,0.0000,0.3505,0.1000,0.3354
the red cube spin,spin,green Dome, ,red Cube,agent ,white Sphere, ,0.0000,0.6850,0.4994,0.0000,0.0000,0.1844,0.0000,0.0000,0.0000,0.0000,0.3000,0.0000,0.0999,0.0000,0.0000,0.0000,0.0000,0.0000,0.0000,0.0000,0.4013,0.4143,0.0000,0.4063,0.0000,0.0000,0.0000,0.0815,0.0185,0.0184,0.0000,0.0000,0.0000,0.0000,0.0000,0.0000,0.1000,0.9964,0.1000
the yellow cube flip,flip,blue Cylinder, ,yellow Cube,agent ,white Sphere, ,0.0000,0.6061,0.5040,0.0000,0.0000,0.1259,0.0000,0.0000,0.0000,0.0000,1.0000,0.0000,0.0967,0.0000,0.0000,0.0000,0.0000,0.0000,0.0000,0.0000,0.1381,0.3804,0.0000,0.2452,0.0000,0.0000,0.0000,0.0789,0.9857,0.0219,0.0000,0.7855,0.0000,0.0000,0.7047,0.0000,0.1000,0.8486,0.1000
the white cylinder give the yellow cone to the blue cube,give,white Cylinder,agent ,blue Cube,recipient ,yellow Cone,theme ,0.0000,0.8021,0.8182,0.0000,0.0000,0.9150,0.0000,0.0000,0.0000,0.0000,0.9722,0.5999,0.9924,0.0000,0.0000,0.0000,0.0000,0.0000,0.0000,0.0758,0.1854,1.0000,0.0000,0.7954,0.7386,0.7952,0.0000,0.9736,0.9572,0.9962,0.0000,0.0000,0.0687,0.0000,0.0000,0.0000,0.3498,0.3426,0.1000
the white tower spin,spin,white Tower,agent ,grey Cylinder, ,yellow Cube, ,0.0000,0.1954,0.6927,0.0000,0.0000,0.5023,0.0000,0.0000,0.0000,0.0000,0.0000,0.1038,0.2987,0.0000,0.0000,0.0000,0.0000,0.0000,0.0000,0.0000,0.0000,0.0828,0.0000,0.3293,0.1050,0.0000,0.0000,0.0185,0.0205,0.0800,0.0000,0.0000,0.0000,0.0000,0.0000,0.0000,0.9714,0.1000,0.1000
the grey cube roll the green dome,roll,yellow Tower, ,green Dome,theme ,grey Cube,agent ,0.0000,0.6263,0.3900,0.0000,0.0000,0.3211,0.0000,0.0000,0.0000,0.0000,1.0000,0.9349,0.2997,0.0000,0.0000,0.0000,0.0000,0.0000,0.0000,0.0000,0.9826,0.6900,0.0000,0.6516,0.3817,0.0892,0.0000,0.0191,0.9957,0.9148,0.0000,0.2410,0.0000,0.0000,0.0000,0.0000,0.1000,0.7969,0.3460
the white cone spin,spin,green Cube, ,yellow Dome, ,white Cone,agent ,0.0000,0.4991,0.2025,0.0000,0.0000,0.7034,0.0000,0.0000,0.0000,0.0000,0.2990,0.0000,0.0000,0.0000,0.0000,0.0000,0.0000,0.0000,0.0000,0.0000,0.0000,0.3788,0.0000,0.0000,0.3836,0.3918,0.0000,0.0194,0.0804,0.0211,0.0000,0.0000,0.0000,0.0000,0.0000,0.0000,0.1000,0.1000,0.9719
the green sphere spin,spin,green Sphere,agent ,red Cube, ,grey Cylinder, ,0.0000,0.1942,0.6988,0.0000,0.0000,0.4954,0.0000,0.0000,0.0000,0.0000,0.0000,0.1004,0.2998,0.0000,0.0000,0.0000,0.0000,0.0000,0.0000,0.3466,0.3438,0.0000,0.0000,0.0000,0.0000,0.3483,0.0000,0.0195,0.0193,0.0797,0.0000,0.0000,0.0000,0.0000,0.0000,0.0000,0.9668,0.1000,0.1000
the red cone hop,hop,green Cylinder, ,blue Tower, ,red Cone,agent ,0.0000,0.4868,0.4051,0.0000,0.0000,-0.0730,0.0000,0.0000,0.0000,0.0000,0.0000,1.0000,0.2992,0.0000,0.0000,0.0000,0.0000,0.0000,0.0000,0.0000,0.0000,0.0541,0.0000,0.0000,0.2682,0.1192,0.0000,0.0781,0.0193,0.9915,0.0000,0.0000,0.8203,0.0000,0.0000,0.8162,0.1000,0.1000,0.1000
the red cone spin,spin,blue Sphere, ,green Cylinder, ,red Cone,agent ,0.0000,0.4954,0.7036,0.0000,0.0000,0.1993,0.0000,0.0000,0.0000,0.0000,0.2990,0.0000,0.0000,0.0000,0.0000,0.0000,0.0000,0.0000,0.0000,0.0000,0.0000,0.0075,0.0000,0.0000,0.0000,0.0000,0.0000,0.0797,0.0194,0.0205,0.0000,0.0000,0.0000,0.0000,0.0000,0.0000,0.1000,0.1000,0.9750
the blue cone flip,flip,blue Cone,agent ,white Sphere, ,grey Cylinder, ,0.0000,0.3145,0.7913,0.0000,0.0000,0.5103,0.0000,0.0000,0.0000,0.0000,0.2986,0.1051,1.0000,0.0000,0.0000,0.0000,0.0000,0.0000,0.0000,0.0978,0.0000,0.5145,0.0000,0.0000,0.3258,0.1772,0.0000,0.9857,0.0208,0.0812,0.7855,0.0000,0.0000,0.7047,0.0000,0.0000,0.8486,0.1000,0.1000
the grey cone flip,flip,blue Sphere, ,green Dome, ,grey Cone,agent ,0.0000,0.5038,0.2252,0.0000,0.0000,0.7031,0.0000,0.0000,0.0000,0.0000,0.0000,0.2851,0.2986,0.0000,0.0000,0.0000,0.0000,0.0000,0.0000,0.0000,0.0513,0.3247,0.0000,0.0000,0.4302,0.6080,0.0000,0.0202,0.0805,0.9857,0.0000,0.0000,0.7855,0.0000,0.0000,0.7047,0.1000,0.1000,0.8485
the green cone spin,spin,white Cube, ,yellow Tower, ,green Cone,agent ,0.0000,0.4903,0.2071,0.0000,0.0000,0.7167,0.0000,0.0000,0.0000,0.0000,0.2997,0.2995,0.0000,0.0000,0.0000,0.0000,0.0000,0.0000,0.0000,0.2625,0.5185,0.0000,0.0000,0.5111,0.0000,0.0000,0.0000,0.0195,0.0785,0.0219,0.0000,0.0000,0.0000,0.0000,0.0000,0.0000,0.1000,0.1000,0.9729
the yellow cube roll the white cone,roll,green Sphere, ,white Cone,theme ,yellow Cube,agent ,0.0000,0.8867,0.4099,0.0000,0.0000,0.5060,0.0000,0.0000,0.0000,0.0000,1.0000,0.9684,0.0000,0.0000,0.0000,0.0000,0.0000,0.0000,0.0000,0.2731,0.9685,0.0000,0.0000,0.9683,0.0000,0.0819,0.0000,0.0206,0.9851,0.9285,0.0000,0.4311,0.0000,0.0000,0.3230,0.0000,0.1236,0.8604,0.3393
the blue dome roll the yellow cone,roll,blue Dome,agent ,red Cube, ,yellow Cone,theme ,0.0000,0.3923,0.5001,0.0000,0.0000,0.2500,0.0000,0.0000,0.0000,0.0000,0.0000,1.0000,0.9218,0.0000,0.0000,0.0000,0.0000,0.0000,0.0000,0.0428,0.8531,0.9619,0.0000,0.5475,0.0978,0.5030,0.0000,0.9226,0.0190,0.9953,0.0000,0.0000,0.1642,0.0000,0.0000,0.0000,0.3353,0.1000,0.8391
the green tower kick the blue dome to the grey sphere,kick,grey Sphere,recipient ,green Tower,agent ,blue Dome,theme ,0.0000,0.3995,0.9136,0.0000,0.0000,0.4860,0.0000,0.0000,0.0000,0.0000,0.9143,0.9903,0.0000,0.0000,0.0000,0.0000,0.0000,0.0000,0.0000,0.9531,0.0000,0.9908,0.0000,0.2885,0.9982,0.9550,0.0000,0.0195,0.9220,0.9772,0.0000,0.0000,0.6083,0.0000,0.0000,0.5707,0.3384,0.3277,0.1000
the white cone give the yellow cylinder to the red sphere,give,white Cone,agent ,yellow Cylinder,theme ,red Sphere,recipient ,0.0000,0.8116,0.8024,0.0000,0.0000,0.9150,0.0000,0.0000,0.0000,0.0000,1.0000,0.9932,0.7696,0.0000,0.0000,0.0000,0.0000,0.0000,0.0000,0.0000,0.4289,0.7385,0.0000,0.7952,0.9999,0.7944,0.0000,0.9473,0.9953,0.9747,0.0000,0.0687,0.0000,0.0000,0.0000,0.0000,0.3418,0.1000,0.3357
the green cylinder give the white cone to the yellow dome,give,green Cylinder,agent ,white Cone,theme ,yellow Dome,recipient ,0.0000,0.8612,0.8007,0.0000,0.0000,0.9150,0.0000,0.0000,0.0000,0.0000,0.3664,0.9939,0.7598,0.0000,0.0000,0.0000,0.0000,0.0000,0.0000,0.0000,0.4782,0.8200,0.0000,0.7952,0.9999,0.7965,0.0000,0.9399,0.9951,0.9760,0.0000,0.0687,0.0000,0.0000,0.0000,0.0000,0.3576,0.1000,0.3514
the grey cone throw the yellow cube to the red cylinder,throw,grey Cone,agent ,red Cylinder,recipient ,yellow Cube,theme ,0.0000,0.4419,0.4593,0.0000,0.0000,0.9150,0.0000,0.0000,0.0000,0.0000,0.2997,1.0000,0.9618,0.0000,0.0000,0.0000,0.0000,0.0000,0.0000,0.3973,0.0000,0.9995,0.0000,0.8159,0.9112,0.7950,0.0000,0.9482,0.0212,0.9958,0.0000,0.0000,0.6323,0.0000,0.0000,0.6039,0.3423,0.3521,0.1000
the red tower roll the white dome to the blue cube,roll,blue Cube,recipient ,white Dome,theme ,red Tower,agent ,0.0000,0.8698,0.3857,0.0000,0.0000,0.4434,0.0000,0.0000,0.0000,0.0000,1.0000,0.9041,0.6740,0.0000,0.0000,0.0000,0.0000,0.0000,0.0000,0.9418,0.9825,0.3668,0.0000,0.8935,0.9950,0.0000,0.0000,0.2049,0.9969,0.9078,0.0000,0.3111,0.0000,0.0000,0.3225,0.0000,0.3477,0.8976,0.3473
the white sphere kick the grey cylinder to the blue cone,kick,blue Cone,recipient ,white Sphere,agent ,grey Cylinder,theme ,0.0000,0.4039,0.9158,0.0000,0.0000,0.4881,0.0000,0.0000,0.0000,0.0000,0.9405,1.0000,0.0000,0.0000,0.0000,0.0000,0.0000,0.0000,0.0000,0.9834,0.0000,0.9967,0.0000,0.1965,0.9986,0.9837,0.0000,0.0206,0.9220,0.9752,0.0000,0.0000,0.6083,0.0000,0.0000,0.5707,0.3286,0.3424,0.1000
the grey cube spin,spin,grey Cube,agent ,green Dome, ,white Cylinder, ,0.0000,0.1874,0.7005,0.0000,0.0000,0.4869,0.0000,0.0000,0.0000,0.0000,0.2990,0.1060,0.0000,0.0000,0.0000,0.0000,0.0000,0.0000,0.0000,0.0003,0.0000,0.0000,0.0000,0.0000,0.0000,0.0034,0.0000,0.0189,0.0185,0.0788,0.0000,0.0000,0.0000,0.0000,0.0000,0.0000,0.9752,0.1000,0.1000
the blue cone kick the white tower to the grey cube,kick,grey Cube,recipient ,white Tower,theme ,blue Cone,agent ,0.0000,0.9136,0.3943,0.0000,0.0000,0.4807,0.0000,0.0000,0.0000,0.0000,1.0000,0.9124,0.2994,0.0000,0.0000,0.0000,0.0000,0.0000,0.0000,0.0000,0.9907,0.9981,0.0000,0.9907,0.9983,0.2862,0.0000,0.0187,0.9748,0.9066,0.0000,0.6083,0.0000,0.0000,0.5707,0.0000,0.3506,0.1000,0.3311
the grey tower roll the blue cube,roll,blue Cube,theme ,grey Tower,agent ,green Cone, ,0.0000,0.3032,0.6781,0.0000,0.0000,0.4040,0.0000,0.0000,0.0000,0.0000,0.9497,0.0000,0.4551,0.0000,0.0000,0.0000,0.0000,0.0000,0.0000,0.7207,0.8810,0.5730,0.0000,0.0000,0.0000,0.9775,0.0000,0.9916,0.9154,0.0199,0.2432,0.0000,0.0000,0.0000,0.0000,0.0000,0.8734,0.3395,0.1000
the green cone throw the white sphere to the blue cube,throw,white Sphere,theme ,green Cone,agent ,blue Cube,recipient ,0.0000,0.5003,0.9150,0.0000,0.0000,0.4445,0.0000,0.0000,0.0000,0.0000,0.7672,0.0000,0.4747,0.0000,0.0000,0.0000,0.0000,0.0000,0.0000,0.9336,0.7952,0.0000,0.0000,0.3376,0.8183,0.9999,0.0000,0.9960,0.9478,0.0215,0.6323,0.0000,0.0000,0.6053,0.0000,0.0000,0.1000,0.3324,0.3467
the white cube kick the grey cone,kick,white Cube,agent ,grey Cone,theme ,green Sphere, ,0.0000,0.4766,0.4046,0.0000,0.0000,0.8965,0.0000,0.0000,0.0000,0.0000,1.0000,0.3000,0.9497,0.0000,0.0000,0.0000,0.0000,0.0000,0.0000,0.0000,0.0000,0.9010,0.0000,0.2123,0.9859,0.0000,0.0000,0.9160,0.9736,0.0219,0.0000,0.6083,0.0000,0.0000,0.6052,0.0000,0.3492,0.1000,0.1000
the grey sphere kick the white tower,kick,white Tower,theme ,grey Sphere,agent ,yellow Cylinder, ,0.0000,0.4928,0.8104,0.0000,0.0000,0.4104,0.0000,0.0000,0.0000,0.0000,0.9419,0.2996,1.0000,0.0000,0.0000,0.0000,0.0000,0.0000,0.0000,0.8115,0.2347,0.0000,0.0000,0.0000,0.0000,0.9888,0.0000,0.9742,0.9280,0.0199,0.6083,0.0000,0.0000,0.6052,0.0000,0.0000,0.1000,0.3440,0.1000
the blue cylinder roll the white cube to the grey cone,roll,grey Cone,recipient ,white Cube,theme ,blue Cylinder,agent ,0.0000,0.8599,0.4142,0.0000,0.0000,0.3593,0.0000,0.0000,0.0000,0.0000,0.2041,0.9603,0.0000,0.0000,0.0000,0.0000,0.0000,0.0000,0.0000,0.6284,0.9872,0.0000,0.0000,0.8552,0.9978,0.6941,0.0000,0.0217,0.9959,0.9142,0.0000,0.3118,0.0000,0.0000,0.1793,0.0000,0.3381,0.8998,0.3442
the green dome spin,spin,green Dome,agent ,white Sphere, ,blue Cube, ,0.0000,0.1890,0.7057,0.0000,0.0000,0.4834,0.0000,0.0000,0.0000,0.0000,0.0000,0.0976,0.2999,0.0000,0.0000,0.0000,0.0000,0.0000,0.0000,0.0000,0.0000,0.5679,0.0000,0.3051,0.5736,0.0000,0.0000,0.0196,0.0182,0.0784,0.0000,0.0000,0.0000,0.0000,0.0000,0.0000,0.9963,0.1000,0.1000
the green cone throw the red tower to the blue cylinder,throw,red Tower,theme ,green Cone,agent ,blue Cylinder,recipient ,0.0000,0.4552,0.9150,0.0000,0.0000,0.4386,0.0000,0.0000,0.0000,0.0000,0.7691,0.2940,1.0000,0.0000,0.0000,0.0000,0.0000,0.0000,0.0000,0.9116,0.7951,0.0000,0.0000,0.3907,0.8159,0.9995,0.0000,0.9957,0.9481,0.0188,0.6323,0.0000,0.0000,0.6039,0.0000,0.0000,0.1000,0.3464,0.3555
the red cone kick the blue sphere to the green cylinder,kick,blue Sphere,theme ,red Cone,agent ,green Cylinder,recipient ,0.0000,0.4865,0.9139,0.0000,0.0000,0.4004,0.0000,0.0000,0.0000,0.0000,0.9202,0.2993,0.5938,0.0000,0.0000,0.0000,0.0000,0.0000,0.0000,0.9565,0.9986,0.2499,0.0000,0.9912,0.0000,0.9548,0.0000,0.9750,0.9080,0.0210,0.6083,0.0000,0.0000,0.5707,0.0000,0.0000,0.1000,0.3510,0.3237
the grey cone hop,hop,green Cube, ,grey Cone,agent ,red Dome, ,0.0000,0.4298,0.5055,0.0000,0.0000,0.7561,0.0000,0.0000,0.0000,0.0000,1.0000,0.2984,0.0000,0.0000,0.0000,0.0000,0.0000,0.0000,0.0000,0.2535,0.3949,0.0000,0.0000,0.5495,0.0000,0.0000,0.0000,0.0216,0.9915,0.0795,0.0000,0.8203,0.0000,0.0000,0.8162,0.0000,0.1000,0.1000,0.1000
the green dome give the blue tower to the grey cone,give,grey Cone,recipient ,green Dome,agent ,blue Tower,theme ,0.0000,0.8024,0.9150,0.0000,0.0000,0.8018,0.0000,0.0000,0.0000,0.0000,0.9750,0.9280,0.9907,0.0000,0.0000,0.0000,0.0000,0.0000,0.0000,1.0000,0.7951,0.3485,0.0000,0.0000,0.7952,0.7424,0.0000,0.9717,0.9603,0.9957,0.0000,0.0000,0.0687,0.0000,0.0000,0.0000,0.3392,0.3524,0.1000
the white cube kick the blue tower,kick,blue Tower,theme ,green Dome, ,white Cube,agent ,0.0000,0.5015,0.5909,0.0000,0.0000,0.4091,0.0000,0.0000,0.0000,0.0000,0.2997,0.9354,0.0688,0.0000,0.0000,0.0000,0.0000,0.0000,0.0000,0.0000,0.3915,0.8835,0.0000,0.9827,0.2210,0.0000,0.0000,0.9765,0.0202,0.9225,0.6083,0.0000,0.0000,0.6052,0.0000,0.0000,0.1000,0.1000,0.3462
the blue cone roll the red tower to the white cylinder,roll,red Tower,theme ,white Cylinder,recipient ,blue Cone,agent ,0.0000,0.9039,0.4893,0.0000,0.0000,0.3984,0.0000,0.0000,0.0000,0.0000,0.0000,0.9548,1.0000,0.0000,0.0000,0.0000,0.0000,0.0000,0.0000,0.9041,0.9730,0.0000,0.0000,0.9901,0.2976,0.9988,0.0000,0.9832,0.2058,0.9230,0.4303,0.0000,0.0000,0.3237,0.0000,0.0000,0.9211,0.3546,0.3440
the grey sphere give the yellow dome to the green cone,give,green Cone,recipient ,grey Sphere,agent ,yellow Dome,theme ,0.0000,0.8024,0.9150,0.0000,0.0000,0.8206,0.0000,0.0000,0.0000,0.0000,0.9576,0.9280,0.9950,0.0000,0.0000,0.0000,0.0000,0.0000,0.0000,0.9999,0.7938,0.5034,0.0000,0.0000,0.7952,0.7386,0.0000,0.9787,0.9447,0.9944,0.0000,0.0000,0.0687,0.0000,0.0000,0.0000,0.3563,0.3468,0.1000
the yellow cone give the green tower to the red cylinder,give,green Tower,theme ,red Cylinder,recipient ,yellow Cone,agent ,0.0000,0.9150,0.7779,0.0000,0.0000,0.8026,0.0000,0.0000,0.0000,0.0000,1.0000,0.7868,0.9278,0.0000,0.0000,0.0000,0.0000,0.0000,0.0000,0.7952,0.7671,0.7952,0.0000,1.0000,0.0923,0.1405,0.0000,0.9961,0.9594,0.9716,0.0687,0.0000,0.0000,0.0000,0.0000,0.0000,0.1000,0.3493,0.3449
the blue tower kick the grey cube,kick,grey Cube,theme ,green Dome, ,blue Tower,agent ,0.0000,0.8268,0.4742,0.0000,0.0000,0.3929,0.0000,0.0000,0.0000,0.0000,0.0000,0.9497,0.3624,0.0000,0.0000,0.0000,0.0000,0.0000,0.0000,0.0000,0.8078,0.7917,0.0000,0.9806,0.0000,0.0000,0.0000,0.9734,0.0193,0.9154,0.6083,0.0000,0.0000,0.6052,0.0000,0.0000,0.1000,0.1000,0.3459
the yellow cone throw the green cylinder,throw,green Cylinder,theme ,yellow Cone,agent ,blue Tower, ,0.0000,0.5238,0.6728,0.0000,0.0000,0.3950,0.0000,0.0000,0.0000,0.0000,0.7590,0.2946,1.0000,0.0000,0.0000,0.0000,0.0000,0.0000,0.0000,0.9974,0.0000,0.0000,0.0000,0.2725,0.0686,0.6410,0.0000,0.9841,0.9338,0.0220,0.6323,0.0000,0.0000,0.7084,0.0000,0.0000,0.0000,0.3462,0.1000
the white cube roll the grey tower,roll,white Cube,agent ,grey Tower,theme ,yellow Sphere, ,0.0000,0.4766,0.3960,0.0000,0.0000,0.9101,0.0000,0.0000,0.0000,0.0000,1.0000,0.2999,0.9592,0.0000,0.0000,0.0000,0.0000,0.0000,0.0000,0.0000,0.0000,0.9521,0.0000,0.0000,0.9854,0.0000,0.0000,0.9290,0.9832,0.4772,0.0000,0.2411,0.0000,0.0000,0.0000,0.0000,0.3455,0.8398,0.2588
the grey tower flip,flip,grey Tower,agent ,white Dome, ,blue Sphere, ,0.0000,0.3466,0.8304,0.0000,0.0000,0.5109,0.0000,0.0000,0.0000,0.0000,0.0000,0.1007,0.7986,0.0000,0.0000,0.0000,0.0000,0.0000,0.0000,0.2305,0.0934,0.7056,0.0000,0.0000,0.5684,0.2777,0.0000,0.9857,0.0214,0.0808,0.7855,0.0000,0.0000,0.7047,0.0000,0.0000,0.8486,0.1000,0.1000
the blue cylinder kick the yellow cone to the green sphere,kick,yellow Cone,theme ,green Sphere,recipient ,blue Cylinder,agent ,0.0000,0.9112,0.4752,0.0000,0.0000,0.3864,0.0000,0.0000,0.0000,0.0000,0.0000,0.9441,0.9932,0.0000,0.0000,0.0000,0.0000,0.0000,0.0000,0.9978,0.9731,0.4731,0.0000,0.9726,0.0000,0.9948,0.0000,0.9768,0.0183,0.9068,0.6083,0.0000,0.0000,0.5707,0.0000,0.0000,0.1000,0.3405,0.3390
the red sphere kick the yellow tower to the white cylinder,kick,red Sphere,agent ,yellow Tower,theme ,white Cylinder,recipient ,0.0000,0.4857,0.3987,0.0000,0.0000,0.9130,0.0000,0.0000,0.0000,0.0000,0.5570,0.0000,0.9282,0.0000,0.0000,0.0000,0.0000,0.0000,0.0000,0.2963,0.9958,0.9783,0.0000,0.9981,0.9779,0.0000,0.0000,0.9159,0.9772,0.0195,0.0000,0.6083,0.0000,0.0000,0.5707,0.0000,0.3469,0.1000,0.3420
the blue dome flip,flip,grey Cylinder, ,blue Dome,agent ,green Sphere, ,0.0000,0.1984,0.4915,0.0000,0.0000,0.6844,0.0000,0.0000,0.0000,0.0000,0.7809,0.2985,0.0000,0.0000,0.0000,0.0000,0.0000,0.0000,0.0000,0.0000,0.1633,0.0000,0.0000,0.0000,0.0000,0.0000,0.0000,0.0182,0.9857,0.0801,0.0000,0.7855,0.0000,0.0000,0.7047,0.0000,0.1000,0.8487,0.1000
the green sphere hop,hop,green Sphere,agent ,yellow Dome, ,grey Cube, ,0.0000,0.4899,0.8103,0.0000,0.0000,0.4951,0.0000,0.0000,0.0000,0.0000,0.2995,0.1029,1.0000,0.0000,0.0000,0.0000,0.0000,0.0000,0.0000,0.1739,0.0000,0.4253,0.0000,0.0000,0.0000,0.4131,0.0000,0.9915,0.0207,0.0783,0.8203,0.0000,0.0000,0.8162,0.0000,0.0000,0.1000,0.1000,0.1000
the grey dome throw the white cone,throw,white Cone,theme ,red Sphere, ,grey Dome,agent ,0.0000,0.6021,0.5498,0.0000,0.0000,0.3786,0.0000,0.0000,0.0000,0.0000,0.0000,0.7556,1.0000,0.0000,0.0000,0.0000,0.0000,0.0000,0.0000,0.4553,0.9981,0.0468,0.0000,0.5609,0.0000,0.0000,0.0000,0.9851,0.0209,0.9292,0.6323,0.0000,0.0000,0.7084,0.0000,0.0000,0.0000,0.1000,0.3376
the grey dome give the green cone to the yellow cylinder,give,yellow Cylinder,recipient ,green Cone,theme ,grey Dome,agent ,0.0000,0.9150,0.8031,0.0000,0.0000,0.7425,0.0000,0.0000,0.0000,0.0000,0.9272,0.9958,1.0000,0.0000,0.0000,0.0000,0.0000,0.0000,0.0000,0.7929,0.9998,0.7952,0.0000,0.8497,0.0000,0.3961,0.0000,0.9066,0.9964,0.9794,0.0000,0.0687,0.0000,0.0000,0.0000,0.0000,0.3510,0.1000,0.3387
the white cube hop,hop,red Tower, ,grey Cone, ,white Cube,agent ,0.0000,0.5033,0.8100,0.0000,0.0000,0.4781,0.0000,0.0000,0.0000,0.0000,0.0000,1.0000,0.2948,0.0000,0.0000,0.0000,0.0000,0.0000,0.0000,0.3853,0.0000,0.0000,0.0000,0.3799,0.5796,0.6221,0.0000,0.0803,0.0203,0.9915,0.0000,0.0000,0.8203,0.0000,0.0000,0.8162,0.1000,0.1000,0.1000
the white cone roll the red sphere,roll,green Cube, ,white Cone,agent ,red Sphere,theme ,0.0000,0.4076,0.5424,0.0000,0.0000,0.3603,0.0000,0.0000,0.0000,0.0000,0.9306,0.3995,0.2992,0.0000,0.0000,0.0000,0.0000,0.0000,0.0000,0.9972,0.0000,0.2771,0.0000,0.0000,0.0000,0.5227,0.0000,0.0203,0.9143,0.9958,0.0000,0.0000,0.2417,0.0000,0.0000,0.0948,0.1000,0.3566,0.8313
the green cube spin,spin,green Cube,agent ,white Tower, ,yellow Sphere, ,0.0000,0.6825,0.1999,0.0000,0.0000,0.5171,0.0000,0.0000,0.0000,0.0000,0.0941,0.2993,0.2987,0.0000,0.0000,0.0000,0.0000,0.0000,0.0000,0.4479,0.4282,0.0000,0.0000,0.4152,0.0000,0.0000,0.0000,0.0182,0.0816,0.0218,0.0000,0.0000,0.0000,0.0000,0.0000,0.0000,0.9824,0.1000,0.1000
the white cone hop,hop,grey Cube, ,red Dome, ,white Cone,agent ,0.0000,0.5085,0.6667,0.0000,0.0000,0.3167,0.0000,0.0000,0.0000,0.0000,0.0000,1.0000,0.2974,0.0000,0.0000,0.0000,0.0000,0.0000,0.0000,0.0000,0.0000,0.4471,0.0000,0.0182,0.3262,0.0000,0.0000,0.0806,0.0211,0.9915,0.0000,0.0000,0.8203,0.0000,0.0000,0.8162,0.1000,0.1000,0.1000
the blue dome hop,hop,green Sphere, ,yellow Tower, ,blue Dome,agent ,0.0000,0.5067,0.7311,0.0000,0.0000,0.3839,0.0000,0.0000,0.0000,0.0000,0.0000,1.0000,0.2949,0.0000,0.0000,0.0000,0.0000,0.0000,0.0000,0.0000,0.0000,0.4105,0.0000,0.1812,0.4345,0.0000,0.0000,0.0807,0.0205,0.9915,0.0000,0.0000,0.8203,0.0000,0.0000,0.8162,0.1000,0.1000,0.1000
the green cube hop,hop,white Cone, ,green Cube,agent ,blue Sphere, ,0.0000,0.2305,0.5142,0.0000,0.0000,0.5878,0.0000,0.0000,0.0000,0.0000,1.0000,0.0000,0.2999,0.0000,0.0000,0.0000,0.0000,0.0000,0.0000,0.0000,0.0000,0.0000,0.0000,0.0000,0.1028,0.0000,0.0000,0.0218,0.9915,0.0809,0.0000,0.8203,0.0000,0.0000,0.8162,0.0000,0.1000,0.1000,0.1000
the blue dome kick the green cone,kick,green Cone,theme ,red Tower, ,blue Dome,agent ,0.0000,0.5294,0.5668,0.0000,0.0000,0.3928,0.0000,0.0000,0.0000,0.0000,0.0000,0.9440,0.1060,0.0000,0.0000,0.0000,0.0000,0.0000,0.0000,0.4537,0.3929,0.0000,0.0000,0.9537,0.0000,0.0000,0.0000,0.9755,0.0199,0.9081,0.6083,0.0000,0.0000,0.6052,0.0000,0.0000,0.1000,0.1000,0.3535
the yellow tower throw the white sphere to the green cylinder,throw,green Cylinder,recipient ,white Sphere,theme ,yellow Tower,agent ,0.0000,0.9150,0.4395,0.0000,0.0000,0.4829,0.0000,0.0000,0.0000,0.0000,1.0000,0.9618,0.2940,0.0000,0.0000,0.0000,0.0000,0.0000,0.0000,0.8154,0.9997,0.7950,0.0000,0.9228,0.6216,0.0000,0.0000,0.0185,0.9931,0.9480,0.0000,0.6323,0.0000,0.0000,0.6039,0.0000,0.3386,0.1000,0.3359
the grey cone roll the green tower to the blue sphere,roll,blue Sphere,recipient ,grey Cone,agent ,green Tower,theme ,0.0000,0.3766,0.9005,0.0000,0.0000,0.4527,0.0000,0.0000,0.0000,0.0000,0.9491,0.4983,1.0000,0.0000,0.0000,0.0000,0.0000,0.0000,0.0000,0.9860,0.0000,0.9961,0.0000,0.9799,0.6201,0.9223,0.0000,0.5278,0.9287,0.9880,0.0000,0.0000,0.2404,0.0000,0.0000,0.1791,0.3471,0.3628,0.9571
the white cylinder spin,spin,blue Tower, ,red Cone, ,white Cylinder,agent ,0.0000,0.4961,0.6963,0.0000,0.0000,0.1926,0.0000,0.0000,0.0000,0.0000,0.2988,0.0000,0.0000,0.0000,0.0000,0.0000,0.0000,0.0000,0.0000,0.0000,0.6074,0.3755,0.0000,0.6253,0.0000,0.0000,0.0000,0.0809,0.0183,0.0203,0.0000,0.0000,0.0000,0.0000,0.0000,0.0000,0.1000,0.1000,0.9978
the red cylinder spin,spin,red Cylinder,agent ,yellow Sphere, ,green Cube, ,0.0000,0.2054,0.7178,0.0000,0.0000,0.4876,0.0000,0.0000,0.0000,0.0000,0.0000,0.0935,0.2992,0.0000,0.0000,0.0000,0.0000,0.0000,0.0000,0.1278,0.1176,0.1303,0.0000,0.0000,0.1405,0.1334,0.0000,0.0219,0.0192,0.0782,0.0000,0.0000,0.0000,0.0000,0.0000,0.0000,1.0000,0.1000,0.1000
the red cube throw the yellow cone,throw,yellow Cone,theme ,red Cube,agent ,white Cylinder, ,0.0000,0.6001,0.4714,0.0000,0.0000,0.3198,0.0000,0.0000,0.0000,0.0000,0.7369,0.2956,1.0000,0.0000,0.0000,0.0000,0.0000,0.0000,0.0000,0.9966,0.0000,0.0000,0.0000,0.0000,0.0386,0.4379,0.0000,0.9871,0.9085,0.0199,0.6323,0.0000,0.0000,0.7084,0.0000,0.0000,0.0000,0.3356,0.1000
the red tower give the blue sphere to the white cone,give,blue Sphere,theme ,white Cone,recipient ,red Tower,agent ,0.0000,0.9150,0.7836,0.0000,0.0000,0.8030,0.0000,0.0000,0.0000,0.0000,1.0000,0.7856,0.9276,0.0000,0.0000,0.0000,0.0000,0.0000,0.0000,0.7951,0.7593,0.7951,0.0000,1.0000,0.0516,0.1891,0.0000,0.9959,0.9626,0.9710,0.0687,0.0000,0.0000,0.0000,0.0000,0.0000,0.1000,0.3327,0.3565
the yellow dome roll the red sphere,roll,yellow Dome,agent ,red Sphere,theme ,blue Tower, ,0.0000,0.4003,0.3981,0.0000,0.0000,0.4156,0.0000,0.0000,0.0000,0.0000,1.0000,0.0000,0.9354,0.0000,0.0000,0.0000,0.0000,0.0000,0.0000,0.0000,0.1320,0.3575,0.0000,0.0000,0.9972,0.0000,0.0000,0.9232,0.9957,0.0185,0.0000,0.1640,0.0000,0.0000,0.0000,0.0000,0.3536,0.8456,0.1000
the yellow cylinder roll the grey dome,roll,grey Dome,theme ,white Sphere, ,yellow Cylinder,agent ,0.0000,0.5419,0.4316,0.0000,0.0000,0.4078,0.0000,0.0000,0.0000,0.0000,0.0000,0.9497,1.0000,0.0000,0.0000,0.0000,0.0000,0.0000,0.0000,0.0000,0.4982,0.0000,0.0000,0.9881,0.0000,0.4139,0.0000,0.9952,0.0211,0.9161,0.2423,0.0000,0.0000,0.0000,0.0000,0.0000,0.8833,0.1000,0.3381
the white dome spin,spin,red Cylinder, ,white Dome,agent ,yellow Cube, ,0.0000,0.2071,0.4915,0.0000,0.0000,0.7156,0.0000,0.0000,0.0000,0.0000,0.2994,0.2954,0.0000,0.0000,0.0000,0.0000,0.0000,0.0000,0.0000,0.0000,0.0117,0.0000,0.0000,0.0058,0.0000,0.0000,0.0000,0.0198,0.0216,0.0785,0.0000,0.0000,0.0000,0.0000,0.0000,0.0000,0.1000,0.9844,0.1000
the blue dome roll the red sphere,roll,yellow Cylinder, ,blue Dome,agent ,red Sphere,theme ,0.0000,0.3902,0.3621,0.0000,0.0000,0.5687,0.0000,0.0000,0.0000,0.0000,0.9284,1.0000,0.0000,0.0000,0.0000,0.0000,0.0000,0.0000,0.0000,0.9887,0.8755,0.0390,0.0000,0.3868,0.0000,0.1970,0.0000,0.0193,0.8988,0.9965,0.0000,0.0000,0.3753,0.0000,0.0000,0.3246,0.1000,0.3626,0.9972
the white cone roll the grey dome,roll,green Cylinder, ,grey Dome,theme ,white Cone,agent ,0.0000,0.7224,0.3995,0.0000,0.0000,0.3118,0.0000,0.0000,0.0000,0.0000,1.0000,0.9183,0.2989,0.0000,0.0000,0.0000,0.0000,0.0000,0.0000,0.3005,0.9694,0.0000,0.0000,0.7718,0.0000,0.0000,0.0000,0.0218,0.9955,0.9065,0.0000,0.3723,0.0000,0.0000,0.4903,0.0000,0.0000,0.7949,0.3422
the blue sphere kick the green dome to the white cone,kick,green Dome,theme ,blue Sphere,agent ,white Cone,recipient ,0.0000,0.4709,0.9208,0.0000,0.0000,0.3917,0.0000,0.0000,0.0000,0.0000,0.9282,0.2998,1.0000,0.0000,0.0000,0.0000,0.0000,0.0000,0.0000,0.9962,0.9999,0.1068,0.0000,0.9993,0.0000,0.9961,0.0000,0.9745,0.9156,0.0200,0.6083,0.0000,0.0000,0.5707,0.0000,0.0000,0.1000,0.3465,0.3446
the yellow cube throw the blue dome to the green sphere,throw,blue Dome,theme ,green Sphere,recipient ,yellow Cube,agent ,0.0000,0.9150,0.4765,0.0000,0.0000,0.4374,0.0000,0.0000,0.0000,0.0000,0.0000,0.7682,1.0000,0.0000,0.0000,0.0000,0.0000,0.0000,0.0000,0.7952,0.9209,0.8183,0.0000,0.9989,0.0000,0.1722,0.0000,0.9960,0.0182,0.9480,0.6323,0.0000,0.0000,0.6039,0.0000,0.0000,0.1000,0.3427,0.3483
the grey cube flip,flip,grey Cube,agent ,white Sphere, ,green Cylinder, ,0.0000,0.3203,0.8074,0.0000,0.0000,0.4981,0.0000,0.0000,0.0000,0.0000,0.0000,0.1080,1.0000,0.0000,0.0000,0.0000,0.0000,0.0000,0.0000,0.0000,0.0000,0.6155,0.0000,0.0065,0.4024,0.0000,0.0000,0.9857,0.0194,0.0802,0.7855,0.0000,0.0000,0.7047,0.0000,0.0000,0.8066,0.1000,0.1000
the grey cube roll the blue sphere to the red tower,roll,grey Cube,agent ,red Tower,recipient ,blue Sphere,theme ,0.0000,0.3784,0.4151,0.0000,0.0000,0.8864,0.0000,0.0000,0.0000,0.0000,0.2997,0.9762,0.9319,0.0000,0.0000,0.0000,0.0000,0.0000,0.0000,0.9957,0.0000,0.9881,0.0000,0.6760,0.9016,0.2773,0.0000,0.9080,0.2834,0.9950,0.0000,0.0000,0.1630,0.0000,0.0000,0.0948,0.3536,0.3396,0.8128
the yellow cone hop,hop,red Sphere, ,white Cylinder, ,yellow Cone,agent ,0.0000,0.5098,0.7456,0.0000,0.0000,0.4236,0.0000,0.0000,0.0000,0.0000,0.0000,0.1086,0.2983,0.0000,0.0000,0.0000,0.0000,0.0000,0.0000,0.1198,0.0000,0.0000,0.0000,0.2655,0.0000,0.0000,0.0000,0.0815,0.0205,0.9915,0.0000,0.0000,0.8203,0.0000,0.0000,0.8162,0.1000,0.1000,0.1000
the white cylinder hop,hop,grey Dome, ,yellow Cube, ,white Cylinder,agent ,0.0000,0.5098,0.3499,0.0000,0.0000,0.8269,0.0000,0.0000,0.0000,0.0000,0.0000,0.6032,0.2989,0.0000,0.0000,0.0000,0.0000,0.0000,0.0000,0.3059,0.5929,0.0000,0.0000,0.3779,0.0000,0.0000,0.0000,0.0216,0.0803,0.9841,0.0000,0.0000,0.6083,0.0000,0.0000,0.6052,0.1000,0.1000,0.1000
the green sphere kick the white cylinder,kick,grey Cone, ,green Sphere,agent ,white Cylinder,theme ,0.0000,0.3881,0.9247,0.0000,0.0000,0.4622,0.0000,0.0000,0.0000,0.0000,0.9316,0.9141,0.8059,0.0000,0.0000,0.0000,0.0000,0.0000,0.0000,0.9958,0.0047,0.0929,0.0000,0.1142,0.0000,0.9897,0.0000,0.2045,0.9214,0.9756,0.0000,0.0000,0.6083,0.0000,0.0000,0.6052,0.1246,0.3342,0.1000
the yellow dome spin,spin,yellow Dome,agent ,red Cylinder, ,blue Cone, ,0.0000,0.1982,0.7080,0.0000,0.0000,0.4901,0.0000,0.0000,0.0000,0.0000,0.0000,0.0951,0.2995,0.0000,0.0000,0.0000,0.0000,0.0000,0.0000,0.0000,0.0000,0.0000,0.0000,0.2022,0.0000,0.0000,0.0000,0.0216,0.0180,0.0800,0.0000,0.0000,0.0000,0.0000,0.0000,0.0000,0.9997,0.1000,0.1000
the blue cube kick the grey cylinder to the green sphere,kick,green Sphere,recipient ,grey Cylinder,theme ,blue Cube,agent ,0.0000,0.9103,0.4006,0.0000,0.0000,0.4903,0.0000,0.0000,0.0000,0.0000,0.9932,0.9725,0.0000,0.0000,0.0000,0.0000,0.0000,0.0000,0.0000,0.0000,0.9716,0.9999,0.0000,0.9726,0.9943,0.4969,0.0000,0.0190,0.9839,0.9348,0.0000,0.6083,0.0000,0.0000,0.5707,0.0000,0.3538,0.1000,0.3390
the white tower spin,spin,white Tower,agent ,green Cone, ,red Sphere, ,0.0000,0.1959,0.7066,0.0000,0.0000,0.4892,0.0000,0.0000,0.0000,0.0000,0.0000,0.0977,0.2991,0.0000,0.0000,0.0000,0.0000,0.0000,0.0000,0.0000,0.0000,0.7289,0.0000,0.4721,0.7263,0.0000,0.0000,0.0204,0.0188,0.0791,0.0000,0.0000,0.0000,0.0000,0.0000,0.0000,0.9856,0.1000,0.1000
the blue dome flip,flip,blue Dome,agent ,yellow Sphere, ,white Cylinder, ,0.0000,0.8363,0.3391,0.0000,0.0000,0.4991,0.0000,0.0000,0.0000,0.0000,0.1005,0.2990,0.7952,0.0000,0.0000,0.0000,0.0000,0.0000,0.0000,0.1071,0.2254,0.6961,0.0000,0.2638,0.8144,0.0000,0.0000,0.9857,0.0809,0.0189,0.7855,0.0000,0.0000,0.7047,0.0000,0.0000,0.8484,0.1000,0.1000
the red sphere spin,spin,blue Cube, ,red Sphere,agent ,white Cone, ,0.0000,0.2151,0.5079,0.0000,0.0000,0.7072,0.0000,0.0000,0.0000,0.0000,0.2989,0.2946,0.0000,0.0000,0.0000,0.0000,0.0000,0.0000,0.0000,0.0000,0.1914,0.0000,0.0000,0.0000,0.0000,0.0000,0.0000,0.0216,0.0214,0.0799,0.0000,0.0000,0.0000,0.0000,0.0000,0.0000,0.1000,0.9988,0.1000
the yellow cube give the green sphere to the grey tower,give,yellow Cube,agent ,grey Tower,recipient ,green Sphere,theme ,0.0000,0.8009,0.7895,0.0000,0.0000,0.9150,0.0000,0.0000,0.0000,0.0000,0.9593,1.0000,0.9948,0.0000,0.0000,0.0000,0.0000,0.0000,0.0000,0.0000,0.3978,0.9998,0.0000,0.7969,0.7530,0.7952,0.0000,0.9797,0.9285,0.9965,0.0000,0.0000,0.0687,0.0000,0.0000,0.0000,0.3411,0.3607,0.1000
the grey tower give the yellow cone to the blue cube,give,grey Tower,agent ,yellow Cone,theme ,blue Cube,recipient ,0.0000,0.7644,0.8031,0.0000,0.0000,0.9150,0.0000,0.0000,0.0000,0.0000,1.0000,0.9733,0.7897,0.0000,0.0000,0.0000,0.0000,0.0000,0.0000,0.2008,0.0073,0.7911,0.0000,0.7951,0.9999,0.7943,0.0000,0.9761,0.9959,0.9477,0.0000,0.0687,0.0000,0.0000,0.0000,0.0000,0.3486,0.1000,0.3486